"series","alias","status","use_in","asset_type","text","chars","final_url"
"Pishachini: The Healer","pishachini","✅ ready","Search · App · Demand Gen","headline (≤30)","Pishachini: The Healer","22","https://thegulel.com/go/pishachini?utm_source=google&utm_medium=demand_gen&utm_campaign=202610_pilot-test_pishachini"
"Pishachini: The Healer","pishachini","✅ ready","Search · App · Demand Gen","headline (≤30)","Episode 1 FREE on Gulel","23","https://thegulel.com/go/pishachini?utm_source=google&utm_medium=demand_gen&utm_campaign=202610_pilot-test_pishachini"
"Pishachini: The Healer","pishachini","✅ ready","Search · App · Demand Gen","headline (≤30)","हर इलाज की एक कीमत होती है।","21","https://thegulel.com/go/pishachini?utm_source=google&utm_medium=demand_gen&utm_campaign=202610_pilot-test_pishachini"
"Pishachini: The Healer","pishachini","✅ ready","Search · App · Demand Gen","headline (≤30)","अमावस्या से पहले सच जानना होगा।","21","https://thegulel.com/go/pishachini?utm_source=google&utm_medium=demand_gen&utm_campaign=202610_pilot-test_pishachini"
"Pishachini: The Healer","pishachini","✅ ready","Search · App · Demand Gen","headline (≤30)","क्या आप उससे इलाज करवाते?","18","https://thegulel.com/go/pishachini?utm_source=google&utm_medium=demand_gen&utm_campaign=202610_pilot-test_pishachini"
"Pishachini: The Healer","pishachini","✅ ready","Demand Gen · PMax","long headline (≤90)","Every life she saves demands a death in return. Watch Episode 1 free.","69","https://thegulel.com/go/pishachini?utm_source=google&utm_medium=demand_gen&utm_campaign=202610_pilot-test_pishachini"
"Pishachini: The Healer","pishachini","✅ ready","Search · App · Demand Gen","description (≤90)","Watch Episode 1 free on Gulel. 2-minute Hindi episodes. Ep 2+ with coins or VIP.","80","https://thegulel.com/go/pishachini?utm_source=google&utm_medium=demand_gen&utm_campaign=202610_pilot-test_pishachini"
"Pishachini: The Healer","pishachini","✅ ready","Search · App · Demand Gen","description (≤90)","Every life she saves demands a death in return.","47","https://thegulel.com/go/pishachini?utm_source=google&utm_medium=demand_gen&utm_campaign=202610_pilot-test_pishachini"
"Revenge of the Heir","heir","✅ ready","Search · App · Demand Gen","headline (≤30)","Revenge of the Heir","19","https://thegulel.com/go/heir?utm_source=google&utm_medium=demand_gen&utm_campaign=202610_pilot-test_heir"
"Revenge of the Heir","heir","✅ ready","Search · App · Demand Gen","headline (≤30)","Episode 1 FREE on Gulel","23","https://thegulel.com/go/heir?utm_source=google&utm_medium=demand_gen&utm_campaign=202610_pilot-test_heir"
"Revenge of the Heir","heir","✅ ready","Search · App · Demand Gen","headline (≤30)","10 साल बाद… वो लौट आया।","18","https://thegulel.com/go/heir?utm_source=google&utm_medium=demand_gen&utm_campaign=202610_pilot-test_heir"
"Revenge of the Heir","heir","✅ ready","Search · App · Demand Gen","headline (≤30)","नौकर का बेटा… अब मालिक।","17","https://thegulel.com/go/heir?utm_source=google&utm_medium=demand_gen&utm_campaign=202610_pilot-test_heir"
"Revenge of the Heir","heir","✅ ready","Search · App · Demand Gen","headline (≤30)","जिसने निकाला, उसका घर ख़रीद लेंगे?","23","https://thegulel.com/go/heir?utm_source=google&utm_medium=demand_gen&utm_campaign=202610_pilot-test_heir"
"Revenge of the Heir","heir","✅ ready","Demand Gen · PMax","long headline (≤90)","Thrown out as the servant's son. Back ten years later to buy the mansion.","73","https://thegulel.com/go/heir?utm_source=google&utm_medium=demand_gen&utm_campaign=202610_pilot-test_heir"
"Revenge of the Heir","heir","✅ ready","Search · App · Demand Gen","description (≤90)","Watch Episode 1 free on Gulel. 2-minute Hindi episodes. Ep 2+ with coins or VIP.","80","https://thegulel.com/go/heir?utm_source=google&utm_medium=demand_gen&utm_campaign=202610_pilot-test_heir"
"Revenge of the Heir","heir","✅ ready","Search · App · Demand Gen","description (≤90)","Thrown out as the servant's son. Back ten years later to buy the mansion.","73","https://thegulel.com/go/heir?utm_source=google&utm_medium=demand_gen&utm_campaign=202610_pilot-test_heir"
"The Substitute Bride","bride","✅ ready","Search · App · Demand Gen","headline (≤30)","The Substitute Bride","20","https://thegulel.com/go/bride?utm_source=google&utm_medium=demand_gen&utm_campaign=202610_pilot-test_bride"
"The Substitute Bride","bride","✅ ready","Search · App · Demand Gen","headline (≤30)","Episode 1 FREE on Gulel","23","https://thegulel.com/go/bride?utm_source=google&utm_medium=demand_gen&utm_campaign=202610_pilot-test_bride"
"The Substitute Bride","bride","✅ ready","Search · App · Demand Gen","headline (≤30)","मंडप में दुल्हन बदल गई।","17","https://thegulel.com/go/bride?utm_source=google&utm_medium=demand_gen&utm_campaign=202610_pilot-test_bride"
"The Substitute Bride","bride","✅ ready","Search · App · Demand Gen","headline (≤30)","बहन की इज़्ज़त या अपनी ज़िंदगी?","20","https://thegulel.com/go/bride?utm_source=google&utm_medium=demand_gen&utm_campaign=202610_pilot-test_bride"
"The Substitute Bride","bride","✅ ready","Search · App · Demand Gen","headline (≤30)","आप उसकी जगह होतीं तो?","16","https://thegulel.com/go/bride?utm_source=google&utm_medium=demand_gen&utm_campaign=202610_pilot-test_bride"
"The Substitute Bride","bride","✅ ready","Demand Gen","headline (≤40)","Behen ki jagah shaadi… aur pehli raat.","38","https://thegulel.com/go/bride?utm_source=google&utm_medium=demand_gen&utm_campaign=202610_pilot-test_bride"
"The Substitute Bride","bride","✅ ready","Demand Gen · PMax","long headline (≤90)","Sent in her sister's place on the wedding night. Watch Episode 1 free.","70","https://thegulel.com/go/bride?utm_source=google&utm_medium=demand_gen&utm_campaign=202610_pilot-test_bride"
"The Substitute Bride","bride","✅ ready","Search · App · Demand Gen","description (≤90)","Watch Episode 1 free on Gulel. 2-minute Hindi episodes. Ep 2+ with coins or VIP.","80","https://thegulel.com/go/bride?utm_source=google&utm_medium=demand_gen&utm_campaign=202610_pilot-test_bride"
"The Substitute Bride","bride","✅ ready","Search · App · Demand Gen","description (≤90)","Sent in her sister's place on the wedding night.","48","https://thegulel.com/go/bride?utm_source=google&utm_medium=demand_gen&utm_campaign=202610_pilot-test_bride"
"CEO's Hidden Identity","ceo","✅ ready","Search · App · Demand Gen","headline (≤30)","CEO's Hidden Identity","21","https://thegulel.com/go/ceo?utm_source=google&utm_medium=demand_gen&utm_campaign=202610_pilot-test_ceo"
"CEO's Hidden Identity","ceo","✅ ready","Search · App · Demand Gen","headline (≤30)","Episode 1 FREE on Gulel","23","https://thegulel.com/go/ceo?utm_source=google&utm_medium=demand_gen&utm_campaign=202610_pilot-test_ceo"
"CEO's Hidden Identity","ceo","✅ ready","Search · App · Demand Gen","headline (≤30)","सबने उसे आम आदमी समझा।","18","https://thegulel.com/go/ceo?utm_source=google&utm_medium=demand_gen&utm_campaign=202610_pilot-test_ceo"
"CEO's Hidden Identity","ceo","✅ ready","Search · App · Demand Gen","headline (≤30)","पैसा छुपाया… प्यार परखने के लिए।","21","https://thegulel.com/go/ceo?utm_source=google&utm_medium=demand_gen&utm_campaign=202610_pilot-test_ceo"
"CEO's Hidden Identity","ceo","✅ ready","Search · App · Demand Gen","headline (≤30)","क्या आप अपनी दौलत छुपाते?","17","https://thegulel.com/go/ceo?utm_source=google&utm_medium=demand_gen&utm_campaign=202610_pilot-test_ceo"
"CEO's Hidden Identity","ceo","✅ ready","Demand Gen","headline (≤40)","CEO hai… par uske liye aam aadmi bana.","38","https://thegulel.com/go/ceo?utm_source=google&utm_medium=demand_gen&utm_campaign=202610_pilot-test_ceo"
"CEO's Hidden Identity","ceo","✅ ready","Demand Gen · PMax","long headline (≤90)","He hid a fortune to find out if her love was real. Watch Episode 1 free.","72","https://thegulel.com/go/ceo?utm_source=google&utm_medium=demand_gen&utm_campaign=202610_pilot-test_ceo"
"CEO's Hidden Identity","ceo","✅ ready","Search · App · Demand Gen","description (≤90)","Watch Episode 1 free on Gulel. 2-minute Hindi episodes. Ep 2+ with coins or VIP.","80","https://thegulel.com/go/ceo?utm_source=google&utm_medium=demand_gen&utm_campaign=202610_pilot-test_ceo"
"CEO's Hidden Identity","ceo","✅ ready","Search · App · Demand Gen","description (≤90)","He hid a fortune to find out if her love was real.","50","https://thegulel.com/go/ceo?utm_source=google&utm_medium=demand_gen&utm_campaign=202610_pilot-test_ceo"
"The Secret Alliance","alliance","✅ ready","Search · App · Demand Gen","headline (≤30)","The Secret Alliance","19","https://thegulel.com/go/alliance?utm_source=google&utm_medium=demand_gen&utm_campaign=202610_pilot-test_alliance"
"The Secret Alliance","alliance","✅ ready","Search · App · Demand Gen","headline (≤30)","Episode 1 FREE on Gulel","23","https://thegulel.com/go/alliance?utm_source=google&utm_medium=demand_gen&utm_campaign=202610_pilot-test_alliance"
"The Secret Alliance","alliance","✅ ready","Search · App · Demand Gen","headline (≤30)","एक डेड मैन्स स्विच। कुछ घंटे।","19","https://thegulel.com/go/alliance?utm_source=google&utm_medium=demand_gen&utm_campaign=202610_pilot-test_alliance"
"The Secret Alliance","alliance","✅ ready","Search · App · Demand Gen","headline (≤30)","चार अजनबी… एक ग़द्दार।","16","https://thegulel.com/go/alliance?utm_source=google&utm_medium=demand_gen&utm_campaign=202610_pilot-test_alliance"
"The Secret Alliance","alliance","✅ ready","Search · App · Demand Gen","headline (≤30)","आप किस पर भरोसा करते?","17","https://thegulel.com/go/alliance?utm_source=google&utm_medium=demand_gen&utm_campaign=202610_pilot-test_alliance"
"The Secret Alliance","alliance","✅ ready","Demand Gen","headline (≤40)","Chaar ajnabi. Ek jaanleva saazish.","34","https://thegulel.com/go/alliance?utm_source=google&utm_medium=demand_gen&utm_campaign=202610_pilot-test_alliance"
"The Secret Alliance","alliance","✅ ready","Demand Gen · PMax","long headline (≤90)","Four strangers. One deadly conspiracy. Trust no one. Watch Episode 1 free.","74","https://thegulel.com/go/alliance?utm_source=google&utm_medium=demand_gen&utm_campaign=202610_pilot-test_alliance"
"The Secret Alliance","alliance","✅ ready","Search · App · Demand Gen","description (≤90)","Watch Episode 1 free on Gulel. 2-minute Hindi episodes. Ep 2+ with coins or VIP.","80","https://thegulel.com/go/alliance?utm_source=google&utm_medium=demand_gen&utm_campaign=202610_pilot-test_alliance"
"The Secret Alliance","alliance","✅ ready","Search · App · Demand Gen","description (≤90)","Four strangers. One deadly conspiracy. Trust no one.","52","https://thegulel.com/go/alliance?utm_source=google&utm_medium=demand_gen&utm_campaign=202610_pilot-test_alliance"
"Whispers in the Dark","whispers","✅ ready","Search · App · Demand Gen","headline (≤30)","Whispers in the Dark","20","https://thegulel.com/go/whispers?utm_source=google&utm_medium=demand_gen&utm_campaign=202610_pilot-test_whispers"
"Whispers in the Dark","whispers","✅ ready","Search · App · Demand Gen","headline (≤30)","Episode 1 FREE on Gulel","23","https://thegulel.com/go/whispers?utm_source=google&utm_medium=demand_gen&utm_campaign=202610_pilot-test_whispers"
"Whispers in the Dark","whispers","✅ ready","Search · App · Demand Gen","headline (≤30)","200 साल पुराना श्राप।","14","https://thegulel.com/go/whispers?utm_source=google&utm_medium=demand_gen&utm_campaign=202610_pilot-test_whispers"
"Whispers in the Dark","whispers","✅ ready","Search · App · Demand Gen","headline (≤30)","आप उस हवेली में रुकते?","16","https://thegulel.com/go/whispers?utm_source=google&utm_medium=demand_gen&utm_campaign=202610_pilot-test_whispers"
"Whispers in the Dark","whispers","✅ ready","Search · App · Demand Gen","headline (≤30)","दादी ने ये बात क्यों छुपाई?","16","https://thegulel.com/go/whispers?utm_source=google&utm_medium=demand_gen&utm_campaign=202610_pilot-test_whispers"
"Whispers in the Dark","whispers","✅ ready","Demand Gen · PMax","long headline (≤90)","The walls of the haveli have started to whisper her name. Watch Episode 1 free.","79","https://thegulel.com/go/whispers?utm_source=google&utm_medium=demand_gen&utm_campaign=202610_pilot-test_whispers"
"Whispers in the Dark","whispers","✅ ready","Search · App · Demand Gen","description (≤90)","Watch Episode 1 free on Gulel. 2-minute Hindi episodes. Ep 2+ with coins or VIP.","80","https://thegulel.com/go/whispers?utm_source=google&utm_medium=demand_gen&utm_campaign=202610_pilot-test_whispers"
"Whispers in the Dark","whispers","✅ ready","Search · App · Demand Gen","description (≤90)","The walls of the haveli have started to whisper her name.","57","https://thegulel.com/go/whispers?utm_source=google&utm_medium=demand_gen&utm_campaign=202610_pilot-test_whispers"
"Million Dollar Heart","heart","✅ ready","Search · App · Demand Gen","headline (≤30)","Million Dollar Heart","20","https://thegulel.com/go/heart?utm_source=google&utm_medium=demand_gen&utm_campaign=202610_pilot-test_heart"
"Million Dollar Heart","heart","✅ ready","Search · App · Demand Gen","headline (≤30)","Episode 1 FREE on Gulel","23","https://thegulel.com/go/heart?utm_source=google&utm_medium=demand_gen&utm_campaign=202610_pilot-test_heart"
"Million Dollar Heart","heart","✅ ready","Search · App · Demand Gen","headline (≤30)","अरबपति… पर उसे नहीं पता।","19","https://thegulel.com/go/heart?utm_source=google&utm_medium=demand_gen&utm_campaign=202610_pilot-test_heart"
"Million Dollar Heart","heart","✅ ready","Search · App · Demand Gen","headline (≤30)","पैसा या सच्चा प्यार?","11","https://thegulel.com/go/heart?utm_source=google&utm_medium=demand_gen&utm_campaign=202610_pilot-test_heart"
"Million Dollar Heart","heart","✅ ready","Search · App · Demand Gen","headline (≤30)","क्या आप पहचान छुपाते?","14","https://thegulel.com/go/heart?utm_source=google&utm_medium=demand_gen&utm_campaign=202610_pilot-test_heart"
"Million Dollar Heart","heart","✅ ready","Demand Gen · PMax","long headline (≤90)","India's youngest tech billionaire. A small-town teacher who doesn't know.","73","https://thegulel.com/go/heart?utm_source=google&utm_medium=demand_gen&utm_campaign=202610_pilot-test_heart"
"Million Dollar Heart","heart","✅ ready","Search · App · Demand Gen","description (≤90)","Watch Episode 1 free on Gulel. 2-minute Hindi episodes. Ep 2+ with coins or VIP.","80","https://thegulel.com/go/heart?utm_source=google&utm_medium=demand_gen&utm_campaign=202610_pilot-test_heart"
"Million Dollar Heart","heart","✅ ready","Search · App · Demand Gen","description (≤90)","India's youngest tech billionaire. A small-town teacher who doesn't know.","73","https://thegulel.com/go/heart?utm_source=google&utm_medium=demand_gen&utm_campaign=202610_pilot-test_heart"
"Medical Genius","doctor","✅ ready","Search · App · Demand Gen","headline (≤30)","Medical Genius","14","https://thegulel.com/go/doctor?utm_source=google&utm_medium=demand_gen&utm_campaign=202610_pilot-test_doctor"
"Medical Genius","doctor","✅ ready","Search · App · Demand Gen","headline (≤30)","Episode 1 FREE on Gulel","23","https://thegulel.com/go/doctor?utm_source=google&utm_medium=demand_gen&utm_campaign=202610_pilot-test_doctor"
"Medical Genius","doctor","✅ ready","Search · App · Demand Gen","headline (≤30)","सबसे होनहार डॉक्टर… छुपा अतीत।","21","https://thegulel.com/go/doctor?utm_source=google&utm_medium=demand_gen&utm_campaign=202610_pilot-test_doctor"
"Medical Genius","doctor","✅ ready","Search · App · Demand Gen","headline (≤30)","5 मिनट। एक ऑपरेशन।","16","https://thegulel.com/go/doctor?utm_source=google&utm_medium=demand_gen&utm_campaign=202610_pilot-test_doctor"
"Medical Genius","doctor","✅ ready","Search · App · Demand Gen","headline (≤30)","नियम या मरीज़ की जान?","15","https://thegulel.com/go/doctor?utm_source=google&utm_medium=demand_gen&utm_campaign=202610_pilot-test_doctor"
"Medical Genius","doctor","✅ ready","Demand Gen · PMax","long headline (≤90)","Brilliant surgeon. Mysterious past. One forbidden love. Watch Episode 1 free.","77","https://thegulel.com/go/doctor?utm_source=google&utm_medium=demand_gen&utm_campaign=202610_pilot-test_doctor"
"Medical Genius","doctor","✅ ready","Search · App · Demand Gen","description (≤90)","Watch Episode 1 free on Gulel. 2-minute Hindi episodes. Ep 2+ with coins or VIP.","80","https://thegulel.com/go/doctor?utm_source=google&utm_medium=demand_gen&utm_campaign=202610_pilot-test_doctor"
"Medical Genius","doctor","✅ ready","Search · App · Demand Gen","description (≤90)","Brilliant surgeon. Mysterious past. One forbidden love.","55","https://thegulel.com/go/doctor?utm_source=google&utm_medium=demand_gen&utm_campaign=202610_pilot-test_doctor"
"Three Weddings","weddings","✅ ready","Search · App · Demand Gen","headline (≤30)","Three Weddings","14","https://thegulel.com/go/weddings?utm_source=google&utm_medium=demand_gen&utm_campaign=202610_pilot-test_weddings"
"Three Weddings","weddings","✅ ready","Search · App · Demand Gen","headline (≤30)","Episode 1 FREE on Gulel","23","https://thegulel.com/go/weddings?utm_source=google&utm_medium=demand_gen&utm_campaign=202610_pilot-test_weddings"
"Three Weddings","weddings","✅ ready","Search · App · Demand Gen","headline (≤30)","तीन बहनें, तीन शादियाँ।","15","https://thegulel.com/go/weddings?utm_source=google&utm_medium=demand_gen&utm_campaign=202610_pilot-test_weddings"
"Three Weddings","weddings","✅ ready","Search · App · Demand Gen","headline (≤30)","अरेंज या लव?","9","https://thegulel.com/go/weddings?utm_source=google&utm_medium=demand_gen&utm_campaign=202610_pilot-test_weddings"
"Three Weddings","weddings","✅ ready","Search · App · Demand Gen","headline (≤30)","आप किस बहन जैसी हैं?","15","https://thegulel.com/go/weddings?utm_source=google&utm_medium=demand_gen&utm_campaign=202610_pilot-test_weddings"
"Three Weddings","weddings","✅ ready","Demand Gen · PMax","long headline (≤90)","Three sisters, three weddings, one chaotic Jaipur wedding season. Watch Episode 1 free.","87","https://thegulel.com/go/weddings?utm_source=google&utm_medium=demand_gen&utm_campaign=202610_pilot-test_weddings"
"Three Weddings","weddings","✅ ready","Search · App · Demand Gen","description (≤90)","Watch Episode 1 free on Gulel. 2-minute Hindi episodes. Ep 2+ with coins or VIP.","80","https://thegulel.com/go/weddings?utm_source=google&utm_medium=demand_gen&utm_campaign=202610_pilot-test_weddings"
"Three Weddings","weddings","✅ ready","Search · App · Demand Gen","description (≤90)","Three sisters, three weddings, one chaotic Jaipur wedding season.","65","https://thegulel.com/go/weddings?utm_source=google&utm_medium=demand_gen&utm_campaign=202610_pilot-test_weddings"
"Bound By Fate","fate","✅ ready","Search · App · Demand Gen","headline (≤30)","Bound By Fate","13","https://thegulel.com/go/fate?utm_source=google&utm_medium=demand_gen&utm_campaign=202610_pilot-test_fate"
"Bound By Fate","fate","✅ ready","Search · App · Demand Gen","headline (≤30)","Episode 1 FREE on Gulel","23","https://thegulel.com/go/fate?utm_source=google&utm_medium=demand_gen&utm_campaign=202610_pilot-test_fate"
"Bound By Fate","fate","✅ ready","Search · App · Demand Gen","headline (≤30)","एक पत्रकार, एक उद्योगपति।","18","https://thegulel.com/go/fate?utm_source=google&utm_medium=demand_gen&utm_campaign=202610_pilot-test_fate"
"Bound By Fate","fate","✅ ready","Search · App · Demand Gen","headline (≤30)","एक गाला नाइट… एक राज़।","17","https://thegulel.com/go/fate?utm_source=google&utm_medium=demand_gen&utm_campaign=202610_pilot-test_fate"
"Bound By Fate","fate","✅ ready","Search · App · Demand Gen","headline (≤30)","सच या प्यार?","8","https://thegulel.com/go/fate?utm_source=google&utm_medium=demand_gen&utm_campaign=202610_pilot-test_fate"
"Bound By Fate","fate","✅ ready","Demand Gen · PMax","long headline (≤90)","A fiery journalist. A powerful industrialist. One buried family secret.","71","https://thegulel.com/go/fate?utm_source=google&utm_medium=demand_gen&utm_campaign=202610_pilot-test_fate"
"Bound By Fate","fate","✅ ready","Search · App · Demand Gen","description (≤90)","Watch Episode 1 free on Gulel. 2-minute Hindi episodes. Ep 2+ with coins or VIP.","80","https://thegulel.com/go/fate?utm_source=google&utm_medium=demand_gen&utm_campaign=202610_pilot-test_fate"
"Bound By Fate","fate","✅ ready","Search · App · Demand Gen","description (≤90)","A fiery journalist. A powerful industrialist. One buried family secret.","71","https://thegulel.com/go/fate?utm_source=google&utm_medium=demand_gen&utm_campaign=202610_pilot-test_fate"
"The Last Empress","empress","✅ ready","Search · App · Demand Gen","headline (≤30)","The Last Empress","16","https://thegulel.com/go/empress?utm_source=google&utm_medium=demand_gen&utm_campaign=202610_pilot-test_empress"
"The Last Empress","empress","✅ ready","Search · App · Demand Gen","headline (≤30)","Episode 1 FREE on Gulel","23","https://thegulel.com/go/empress?utm_source=google&utm_medium=demand_gen&utm_campaign=202610_pilot-test_empress"
"The Last Empress","empress","✅ ready","Search · App · Demand Gen","headline (≤30)","हर मुस्कान के पीछे ख़ंजर।","16","https://thegulel.com/go/empress?utm_source=google&utm_medium=demand_gen&utm_campaign=202610_pilot-test_empress"
"The Last Empress","empress","✅ ready","Search · App · Demand Gen","headline (≤30)","छीना हुआ ताज वापस चाहिए।","17","https://thegulel.com/go/empress?utm_source=google&utm_medium=demand_gen&utm_campaign=202610_pilot-test_empress"
"The Last Empress","empress","✅ ready","Search · App · Demand Gen","headline (≤30)","प्यार या सिंहासन?","10","https://thegulel.com/go/empress?utm_source=google&utm_medium=demand_gen&utm_campaign=202610_pilot-test_empress"
"The Last Empress","empress","✅ ready","Demand Gen · PMax","long headline (≤90)","To reclaim her stolen throne, she must outplay the whole palace. Watch Episode 1 free.","86","https://thegulel.com/go/empress?utm_source=google&utm_medium=demand_gen&utm_campaign=202610_pilot-test_empress"
"The Last Empress","empress","✅ ready","Search · App · Demand Gen","description (≤90)","Watch Episode 1 free on Gulel. 2-minute Hindi episodes. Ep 2+ with coins or VIP.","80","https://thegulel.com/go/empress?utm_source=google&utm_medium=demand_gen&utm_campaign=202610_pilot-test_empress"
"The Last Empress","empress","✅ ready","Search · App · Demand Gen","description (≤90)","To reclaim her stolen throne, she must outplay the whole palace.","64","https://thegulel.com/go/empress?utm_source=google&utm_medium=demand_gen&utm_campaign=202610_pilot-test_empress"
"Dragon's Blood","dragon","✅ ready","Search · App · Demand Gen","headline (≤30)","Dragon's Blood","14","https://thegulel.com/go/dragon?utm_source=google&utm_medium=demand_gen&utm_campaign=202610_pilot-test_dragon"
"Dragon's Blood","dragon","✅ ready","Search · App · Demand Gen","headline (≤30)","Episode 1 FREE on Gulel","23","https://thegulel.com/go/dragon?utm_source=google&utm_medium=demand_gen&utm_campaign=202610_pilot-test_dragon"
"Dragon's Blood","dragon","✅ ready","Search · App · Demand Gen","headline (≤30)","गुरु के क़ातिल को ढूँढूँगी।","15","https://thegulel.com/go/dragon?utm_source=google&utm_medium=demand_gen&utm_campaign=202610_pilot-test_dragon"
"Dragon's Blood","dragon","✅ ready","Search · App · Demand Gen","headline (≤30)","अंडरकवर… अंडरवर्ल्ड में।","16","https://thegulel.com/go/dragon?utm_source=google&utm_medium=demand_gen&utm_campaign=202610_pilot-test_dragon"
"Dragon's Blood","dragon","✅ ready","Search · App · Demand Gen","headline (≤30)","एक रात। एक ट्रायड।","14","https://thegulel.com/go/dragon?utm_source=google&utm_medium=demand_gen&utm_campaign=202610_pilot-test_dragon"
"Dragon's Blood","dragon","✅ ready","Demand Gen · PMax","long headline (≤90)","Her master was murdered. She's going undercover to find the killer. Watch Episode 1 free.","89","https://thegulel.com/go/dragon?utm_source=google&utm_medium=demand_gen&utm_campaign=202610_pilot-test_dragon"
"Dragon's Blood","dragon","✅ ready","Search · App · Demand Gen","description (≤90)","Watch Episode 1 free on Gulel. 2-minute Hindi episodes. Ep 2+ with coins or VIP.","80","https://thegulel.com/go/dragon?utm_source=google&utm_medium=demand_gen&utm_campaign=202610_pilot-test_dragon"
"Dragon's Blood","dragon","✅ ready","Search · App · Demand Gen","description (≤90)","Her master was murdered. She's going undercover to find the killer.","67","https://thegulel.com/go/dragon?utm_source=google&utm_medium=demand_gen&utm_campaign=202610_pilot-test_dragon"
"The Billionaire's Revenge","revenge","⚠️ verify","Search · App · Demand Gen","headline (≤30)","The Billionaire's Revenge","25","https://thegulel.com/go/revenge?utm_source=google&utm_medium=demand_gen&utm_campaign=202610_pilot-test_revenge"
"The Billionaire's Revenge","revenge","⚠️ verify","Search · App · Demand Gen","headline (≤30)","Episode 1 FREE on Gulel","23","https://thegulel.com/go/revenge?utm_source=google&utm_medium=demand_gen&utm_campaign=202610_pilot-test_revenge"
"The Billionaire's Revenge","revenge","⚠️ verify","Search · App · Demand Gen","headline (≤30)","आज उसने मुझे ही नौकरी दी।","18","https://thegulel.com/go/revenge?utm_source=google&utm_medium=demand_gen&utm_campaign=202610_pilot-test_revenge"
"The Billionaire's Revenge","revenge","⚠️ verify","Search · App · Demand Gen","headline (≤30)","उसे नहीं पता मैं कौन हूँ।","16","https://thegulel.com/go/revenge?utm_source=google&utm_medium=demand_gen&utm_campaign=202610_pilot-test_revenge"
"The Billionaire's Revenge","revenge","⚠️ verify","Search · App · Demand Gen","headline (≤30)","10 साल पहले उसने परिवार उजाड़ा।","23","https://thegulel.com/go/revenge?utm_source=google&utm_medium=demand_gen&utm_campaign=202610_pilot-test_revenge"
"The Billionaire's Revenge","revenge","⚠️ verify","Demand Gen","headline (≤40)","Use nahi pata usne kise naukri di hai.","38","https://thegulel.com/go/revenge?utm_source=google&utm_medium=demand_gen&utm_campaign=202610_pilot-test_revenge"
"The Billionaire's Revenge","revenge","⚠️ verify","Demand Gen · PMax","long headline (≤90)","She destroyed his family. She has no idea who she just hired. Watch Episode 1 free.","83","https://thegulel.com/go/revenge?utm_source=google&utm_medium=demand_gen&utm_campaign=202610_pilot-test_revenge"
"The Billionaire's Revenge","revenge","⚠️ verify","Search · App · Demand Gen","description (≤90)","Watch Episode 1 free on Gulel. 2-minute Hindi episodes. Ep 2+ with coins or VIP.","80","https://thegulel.com/go/revenge?utm_source=google&utm_medium=demand_gen&utm_campaign=202610_pilot-test_revenge"
"The Billionaire's Revenge","revenge","⚠️ verify","Search · App · Demand Gen","description (≤90)","She destroyed his family. She has no idea who she just hired.","61","https://thegulel.com/go/revenge?utm_source=google&utm_medium=demand_gen&utm_campaign=202610_pilot-test_revenge"
"The Mafia Lord's Bride","mafia","⚠️ verify","Search · App · Demand Gen","headline (≤30)","The Mafia Lord's Bride","22","https://thegulel.com/go/mafia?utm_source=google&utm_medium=demand_gen&utm_campaign=202610_pilot-test_mafia"
"The Mafia Lord's Bride","mafia","⚠️ verify","Search · App · Demand Gen","headline (≤30)","Episode 1 FREE on Gulel","23","https://thegulel.com/go/mafia?utm_source=google&utm_medium=demand_gen&utm_campaign=202610_pilot-test_mafia"
"The Mafia Lord's Bride","mafia","⚠️ verify","Search · App · Demand Gen","headline (≤30)","वो सब छोड़कर भागी…","13","https://thegulel.com/go/mafia?utm_source=google&utm_medium=demand_gen&utm_campaign=202610_pilot-test_mafia"
"The Mafia Lord's Bride","mafia","⚠️ verify","Search · App · Demand Gen","headline (≤30)","वो सब का मालिक था।","13","https://thegulel.com/go/mafia?utm_source=google&utm_medium=demand_gen&utm_campaign=202610_pilot-test_mafia"
"The Mafia Lord's Bride","mafia","⚠️ verify","Search · App · Demand Gen","headline (≤30)","आज़ादी या उसका साथ?","13","https://thegulel.com/go/mafia?utm_source=google&utm_medium=demand_gen&utm_campaign=202610_pilot-test_mafia"
"The Mafia Lord's Bride","mafia","⚠️ verify","Demand Gen · PMax","long headline (≤90)","She ran from everything. He owned everything. Watch Episode 1 free.","67","https://thegulel.com/go/mafia?utm_source=google&utm_medium=demand_gen&utm_campaign=202610_pilot-test_mafia"
"The Mafia Lord's Bride","mafia","⚠️ verify","Search · App · Demand Gen","description (≤90)","Watch Episode 1 free on Gulel. 2-minute Hindi episodes. Ep 2+ with coins or VIP.","80","https://thegulel.com/go/mafia?utm_source=google&utm_medium=demand_gen&utm_campaign=202610_pilot-test_mafia"
"The Mafia Lord's Bride","mafia","⚠️ verify","Search · App · Demand Gen","description (≤90)","She ran from everything. He owned everything.","45","https://thegulel.com/go/mafia?utm_source=google&utm_medium=demand_gen&utm_campaign=202610_pilot-test_mafia"
"My Stepmother's Lies","stepmom","⚠️ verify","Search · App · Demand Gen","headline (≤30)","My Stepmother's Lies","20","https://thegulel.com/go/stepmom?utm_source=google&utm_medium=demand_gen&utm_campaign=202610_pilot-test_stepmom"
"My Stepmother's Lies","stepmom","⚠️ verify","Search · App · Demand Gen","headline (≤30)","Episode 1 FREE on Gulel","23","https://thegulel.com/go/stepmom?utm_source=google&utm_medium=demand_gen&utm_campaign=202610_pilot-test_stepmom"
"My Stepmother's Lies","stepmom","⚠️ verify","Search · App · Demand Gen","headline (≤30)","सौतेली माँ ने मुझे छुपाकर रखा।","19","https://thegulel.com/go/stepmom?utm_source=google&utm_medium=demand_gen&utm_campaign=202610_pilot-test_stepmom"
"My Stepmother's Lies","stepmom","⚠️ verify","Search · App · Demand Gen","headline (≤30)","पर वो सिर्फ़ मुझे देखता है।","17","https://thegulel.com/go/stepmom?utm_source=google&utm_medium=demand_gen&utm_campaign=202610_pilot-test_stepmom"
"My Stepmother's Lies","stepmom","⚠️ verify","Search · App · Demand Gen","headline (≤30)","आपकी सौतेली माँ ऐसा करती तो?","19","https://thegulel.com/go/stepmom?utm_source=google&utm_medium=demand_gen&utm_campaign=202610_pilot-test_stepmom"
"My Stepmother's Lies","stepmom","⚠️ verify","Demand Gen · PMax","long headline (≤90)","Raised to be invisible. Finally, someone sees her. Watch Episode 1 free.","72","https://thegulel.com/go/stepmom?utm_source=google&utm_medium=demand_gen&utm_campaign=202610_pilot-test_stepmom"
"My Stepmother's Lies","stepmom","⚠️ verify","Search · App · Demand Gen","description (≤90)","Watch Episode 1 free on Gulel. 2-minute Hindi episodes. Ep 2+ with coins or VIP.","80","https://thegulel.com/go/stepmom?utm_source=google&utm_medium=demand_gen&utm_campaign=202610_pilot-test_stepmom"
"My Stepmother's Lies","stepmom","⚠️ verify","Search · App · Demand Gen","description (≤90)","Raised to be invisible. Finally, someone sees her.","50","https://thegulel.com/go/stepmom?utm_source=google&utm_medium=demand_gen&utm_campaign=202610_pilot-test_stepmom"
"The CEO's Hidden Wife","wife","⚠️ verify","Search · App · Demand Gen","headline (≤30)","The CEO's Hidden Wife","21","https://thegulel.com/go/wife?utm_source=google&utm_medium=demand_gen&utm_campaign=202610_pilot-test_wife"
"The CEO's Hidden Wife","wife","⚠️ verify","Search · App · Demand Gen","headline (≤30)","Episode 1 FREE on Gulel","23","https://thegulel.com/go/wife?utm_source=google&utm_medium=demand_gen&utm_campaign=202610_pilot-test_wife"
"The CEO's Hidden Wife","wife","⚠️ verify","Search · App · Demand Gen","headline (≤30)","एक कॉन्ट्रैक्ट। दो अजनबी।","15","https://thegulel.com/go/wife?utm_source=google&utm_medium=demand_gen&utm_campaign=202610_pilot-test_wife"
"The CEO's Hidden Wife","wife","⚠️ verify","Search · App · Demand Gen","headline (≤30)","दुनिया से छुपी शादी।","12","https://thegulel.com/go/wife?utm_source=google&utm_medium=demand_gen&utm_campaign=202610_pilot-test_wife"
"The CEO's Hidden Wife","wife","⚠️ verify","Search · App · Demand Gen","headline (≤30)","आप कॉन्ट्रैक्ट मैरिज करते?","15","https://thegulel.com/go/wife?utm_source=google&utm_medium=demand_gen&utm_campaign=202610_pilot-test_wife"
"The CEO's Hidden Wife","wife","⚠️ verify","Demand Gen · PMax","long headline (≤90)","A contract marriage neither wanted, until they did. Watch Episode 1 free.","73","https://thegulel.com/go/wife?utm_source=google&utm_medium=demand_gen&utm_campaign=202610_pilot-test_wife"
"The CEO's Hidden Wife","wife","⚠️ verify","Search · App · Demand Gen","description (≤90)","Watch Episode 1 free on Gulel. 2-minute Hindi episodes. Ep 2+ with coins or VIP.","80","https://thegulel.com/go/wife?utm_source=google&utm_medium=demand_gen&utm_campaign=202610_pilot-test_wife"
"The CEO's Hidden Wife","wife","⚠️ verify","Search · App · Demand Gen","description (≤90)","A contract marriage neither wanted, until they did.","51","https://thegulel.com/go/wife?utm_source=google&utm_medium=demand_gen&utm_campaign=202610_pilot-test_wife"
"Broken Vows","vows","⚠️ verify","Search · App · Demand Gen","headline (≤30)","Broken Vows","11","https://thegulel.com/go/vows?utm_source=google&utm_medium=demand_gen&utm_campaign=202610_pilot-test_vows"
"Broken Vows","vows","⚠️ verify","Search · App · Demand Gen","headline (≤30)","Episode 1 FREE on Gulel","23","https://thegulel.com/go/vows?utm_source=google&utm_medium=demand_gen&utm_campaign=202610_pilot-test_vows"
"Broken Vows","vows","⚠️ verify","Search · App · Demand Gen","headline (≤30)","शादी की रात धोखा।","11","https://thegulel.com/go/vows?utm_source=google&utm_medium=demand_gen&utm_campaign=202610_pilot-test_vows"
"Broken Vows","vows","⚠️ verify","Search · App · Demand Gen","headline (≤30)","3 साल बाद… उसकी बॉस।","16","https://thegulel.com/go/vows?utm_source=google&utm_medium=demand_gen&utm_campaign=202610_pilot-test_vows"
"Broken Vows","vows","⚠️ verify","Search · App · Demand Gen","headline (≤30)","आप माफ़ करतीं?","10","https://thegulel.com/go/vows?utm_source=google&utm_medium=demand_gen&utm_campaign=202610_pilot-test_vows"
"Broken Vows","vows","⚠️ verify","Demand Gen · PMax","long headline (≤90)","Betrayed on her wedding night. Back three years later as his boss. Watch Episode 1 free.","88","https://thegulel.com/go/vows?utm_source=google&utm_medium=demand_gen&utm_campaign=202610_pilot-test_vows"
"Broken Vows","vows","⚠️ verify","Search · App · Demand Gen","description (≤90)","Watch Episode 1 free on Gulel. 2-minute Hindi episodes. Ep 2+ with coins or VIP.","80","https://thegulel.com/go/vows?utm_source=google&utm_medium=demand_gen&utm_campaign=202610_pilot-test_vows"
"Broken Vows","vows","⚠️ verify","Search · App · Demand Gen","description (≤90)","Betrayed on her wedding night. Back three years later as his boss.","66","https://thegulel.com/go/vows?utm_source=google&utm_medium=demand_gen&utm_campaign=202610_pilot-test_vows"
"Forbidden Love","forbidden","⚠️ verify","Search · App · Demand Gen","headline (≤30)","Forbidden Love","14","https://thegulel.com/go/forbidden?utm_source=google&utm_medium=demand_gen&utm_campaign=202610_pilot-test_forbidden"
"Forbidden Love","forbidden","⚠️ verify","Search · App · Demand Gen","headline (≤30)","Episode 1 FREE on Gulel","23","https://thegulel.com/go/forbidden?utm_source=google&utm_medium=demand_gen&utm_campaign=202610_pilot-test_forbidden"
"Forbidden Love","forbidden","⚠️ verify","Search · App · Demand Gen","headline (≤30)","उसने मेरे दुश्मन से शादी की।","18","https://thegulel.com/go/forbidden?utm_source=google&utm_medium=demand_gen&utm_campaign=202610_pilot-test_forbidden"
"Forbidden Love","forbidden","⚠️ verify","Search · App · Demand Gen","headline (≤30)","प्यार या परिवार?","10","https://thegulel.com/go/forbidden?utm_source=google&utm_medium=demand_gen&utm_campaign=202610_pilot-test_forbidden"
"Forbidden Love","forbidden","⚠️ verify","Search · App · Demand Gen","headline (≤30)","आप भूल पाते?","9","https://thegulel.com/go/forbidden?utm_source=google&utm_medium=demand_gen&utm_campaign=202610_pilot-test_forbidden"
"Forbidden Love","forbidden","⚠️ verify","Demand Gen · PMax","long headline (≤90)","She married his enemy. He never forgot her. Watch Episode 1 free.","65","https://thegulel.com/go/forbidden?utm_source=google&utm_medium=demand_gen&utm_campaign=202610_pilot-test_forbidden"
"Forbidden Love","forbidden","⚠️ verify","Search · App · Demand Gen","description (≤90)","Watch Episode 1 free on Gulel. 2-minute Hindi episodes. Ep 2+ with coins or VIP.","80","https://thegulel.com/go/forbidden?utm_source=google&utm_medium=demand_gen&utm_campaign=202610_pilot-test_forbidden"
"Forbidden Love","forbidden","⚠️ verify","Search · App · Demand Gen","description (≤90)","She married his enemy. He never forgot her.","43","https://thegulel.com/go/forbidden?utm_source=google&utm_medium=demand_gen&utm_campaign=202610_pilot-test_forbidden"
"Midnight Obsession","obsession","⚠️ verify","Search · App · Demand Gen","headline (≤30)","Midnight Obsession","18","https://thegulel.com/go/obsession?utm_source=google&utm_medium=demand_gen&utm_campaign=202610_pilot-test_obsession"
"Midnight Obsession","obsession","⚠️ verify","Search · App · Demand Gen","headline (≤30)","Episode 1 FREE on Gulel","23","https://thegulel.com/go/obsession?utm_source=google&utm_medium=demand_gen&utm_campaign=202610_pilot-test_obsession"
"Midnight Obsession","obsession","⚠️ verify","Search · App · Demand Gen","headline (≤30)","वो हर रात देख रहा था।","16","https://thegulel.com/go/obsession?utm_source=google&utm_medium=demand_gen&utm_campaign=202610_pilot-test_obsession"
"Midnight Obsession","obsession","⚠️ verify","Search · App · Demand Gen","headline (≤30)","उसे लगा वो सुरक्षित है।","15","https://thegulel.com/go/obsession?utm_source=google&utm_medium=demand_gen&utm_campaign=202610_pilot-test_obsession"
"Midnight Obsession","obsession","⚠️ verify","Search · App · Demand Gen","headline (≤30)","आप पुलिस को बताते?","13","https://thegulel.com/go/obsession?utm_source=google&utm_medium=demand_gen&utm_campaign=202610_pilot-test_obsession"
"Midnight Obsession","obsession","⚠️ verify","Demand Gen","headline (≤40)","Woh uski har harkat dekh raha tha.","34","https://thegulel.com/go/obsession?utm_source=google&utm_medium=demand_gen&utm_campaign=202610_pilot-test_obsession"
"Midnight Obsession","obsession","⚠️ verify","Demand Gen · PMax","long headline (≤90)","He watched her every move. She thought she was safe. Watch Episode 1 free.","74","https://thegulel.com/go/obsession?utm_source=google&utm_medium=demand_gen&utm_campaign=202610_pilot-test_obsession"
"Midnight Obsession","obsession","⚠️ verify","Search · App · Demand Gen","description (≤90)","Watch Episode 1 free on Gulel. 2-minute Hindi episodes. Ep 2+ with coins or VIP.","80","https://thegulel.com/go/obsession?utm_source=google&utm_medium=demand_gen&utm_campaign=202610_pilot-test_obsession"
"Midnight Obsession","obsession","⚠️ verify","Search · App · Demand Gen","description (≤90)","He watched her every move. She thought she was safe.","52","https://thegulel.com/go/obsession?utm_source=google&utm_medium=demand_gen&utm_campaign=202610_pilot-test_obsession"
"Love in Beijing","beijing","⚠️ verify","Search · App · Demand Gen","headline (≤30)","Love in Beijing","15","https://thegulel.com/go/beijing?utm_source=google&utm_medium=demand_gen&utm_campaign=202610_pilot-test_beijing"
"Love in Beijing","beijing","⚠️ verify","Search · App · Demand Gen","headline (≤30)","Episode 1 FREE on Gulel","23","https://thegulel.com/go/beijing?utm_source=google&utm_medium=demand_gen&utm_campaign=202610_pilot-test_beijing"
"Love in Beijing","beijing","⚠️ verify","Search · App · Demand Gen","headline (≤30)","छोटे शहर की लड़की, बड़ा शहर।","21","https://thegulel.com/go/beijing?utm_source=google&utm_medium=demand_gen&utm_campaign=202610_pilot-test_beijing"
"Love in Beijing","beijing","⚠️ verify","Search · App · Demand Gen","headline (≤30)","सपना या प्यार?","9","https://thegulel.com/go/beijing?utm_source=google&utm_medium=demand_gen&utm_campaign=202610_pilot-test_beijing"
"Love in Beijing","beijing","⚠️ verify","Search · App · Demand Gen","headline (≤30)","आप अकेले विदेश जाते?","14","https://thegulel.com/go/beijing?utm_source=google&utm_medium=demand_gen&utm_campaign=202610_pilot-test_beijing"
"Love in Beijing","beijing","⚠️ verify","Demand Gen · PMax","long headline (≤90)","A small-town girl, a new city, and a man who hates distractions. Watch Episode 1 free.","86","https://thegulel.com/go/beijing?utm_source=google&utm_medium=demand_gen&utm_campaign=202610_pilot-test_beijing"
"Love in Beijing","beijing","⚠️ verify","Search · App · Demand Gen","description (≤90)","Watch Episode 1 free on Gulel. 2-minute Hindi episodes. Ep 2+ with coins or VIP.","80","https://thegulel.com/go/beijing?utm_source=google&utm_medium=demand_gen&utm_campaign=202610_pilot-test_beijing"
"Love in Beijing","beijing","⚠️ verify","Search · App · Demand Gen","description (≤90)","A small-town girl, a new city, and a man who hates distractions.","64","https://thegulel.com/go/beijing?utm_source=google&utm_medium=demand_gen&utm_campaign=202610_pilot-test_beijing"
